Lead_ID,Property_Name,Decision_Maker_Name,Executive_Title,Direct_Email,Verified_Phone,Recipient_Timezone,City,State,Google_Rating,Google_Review_Count,Signature_Amenity,Verbatim_Review_Snippet,Call_Status,Outcome,Meeting_Booked,Meeting_Date_Time,Meeting_Meet_Link,Call_Summary,Potential_Annual_OTA_Savings_USD,Last_Call_Timestamp
USA-VIP-0001,The Inn On First,Jim Gunther,Proprietor/Innkeeper,innkeeper@theinnonfirst.com,+1 707-253-1331,America/Los_Angeles,Napa,California,4.9,367,Chef Jim Gunther's scratch-made culinary breakfasts (never repeating a dish) & private whirlpool soaking tubs,Jim's culinary breakfasts were unbelievable and he kept a record so we never had the same dish twice.,pending,pending,NO,,,,338538,
USA-VIP-0006,Berry Manor Inn,Cheryl Michaelsen,Owner/Innkeeper,info@berrymanorinn.com,(207) 596-7696,America/New_York,Rockland,Maine,4.8,285,24/7 guest pantry with homemade artisan pies and historic Victorian luxury suites,"The inn was beautiful and well maintained, and the staff was outstanding. And the pies!",pending,pending,NO,,,,216664,
USA-VIP-0007,Rabbit Hill Inn,Brian Mulcahy,Owner/Innkeeper,brian@rabbithillinn.com,(802) 748-5168,America/New_York,Lower Waterford,Vermont,4.9,310,Farm-to-table fine dining at 24 Carrot restaurant and cocktails at Snooty Fox Pub,"The service, cuisine, and romantic environment make this a truly premier luxury destination.",pending,pending,NO,,,,338538,
USA-VIP-0023,Genesee Country Inn Bed and Breakfast,Deborah Stankevich,owner and innkeeper and writer,deborah@geneseecountryinn.com,+1 585-538-2500,America/New_York,Mumford,New York,4.9,83,Quiet 8-acre mill pond along Spring Creek and three-course morning country breakfasts,The warm and inviting atmosphere of the common areas and the scenic creek made this a wonderful stay.,pending,pending,NO,,,,135415,
USA-VIP-0024,Alma de Sedona Bed & Breakfast Inn,Lori Reinhold,General Manager/Innkeeper,lreinhold@almadesedona.com,(928) 282-2737,America/Phoenix,Sedona,Arizona,4.7,111,On-site walking labyrinth with panoramic red rock vistas and customized itinerary planning,The personal attention from Lori helping plan our red rock hikes and the peaceful labyrinth made our trip unforgettable.,pending,pending,NO,,,,135415,
USA-VIP-0034,By the Side of the Road Inn & Cottages,Anna Bergey,Managing Innkeeper,anna@bythesideoftheroad.com,(540) 801-0430,America/New_York,Harrisonburg,Virginia,4.9,250,Historic 1790 main house suites and private luxury cottages with fireplaces and pond views,The private cottage fireplaces and quiet grounds made our Shenandoah getaway so special.,pending,pending,NO,,,,216664,
USA-VIP-0040,Sabal Palm House Bed and Breakfast,Colleen Rinaldi,Innkeeper / Owner,innkeeper@sabalpalmhouse.com,(561) 582-1090,America/New_York,Lake Worth Beach,Florida,4.8,231,AAA Four Diamond luxury suites with private balconies overlooking the golf course and afternoon gourmet tea,Our stay at Sabal Palm House was incredible and I was really impressed with the personalized hospitality.,pending,pending,NO,,,,216664,
USA-VIP-0048,Lookout Point Lakeside Inn,Jennifer Tackett,General Manager / Owner,innkeeper@lookoutpointinn.com,(501) 525-6155,America/Chicago,Hot Springs,Arkansas,4.9,490,"Private Lake Hamilton waterfront balconies, tranquil labyrinth gardens, and evening wine receptions",The serene lake views and evening wine gatherings made our Hot Springs trip unforgettable.,pending,pending,NO,,,,338538,
USA-VIP-0052,Maplewood Hotel,Catherine Simon,Innkeeper / Manager,stay@maplewoodhotel.com,(269) 857-1971,America/New_York,Saugatuck,Michigan,4.1,197,Historic 1860s downtown boutique suites with lap pool and French country hospitality,"The hotel is charming and perfectly located downtown, but some rooms could use modern sound insulation.",pending,pending,NO,,,,216664,
USA-VIP-0053,Seal Cove Inn,Kelly Dayan,General Manager,innkeeper@sealcoveinn.com,(650) 728-4114,America/Los_Angeles,Moss Beach,California,4.8,185,"Secluded coastal cypress bluff setting, private balcony fireplaces, and European breakfast buffet","The deluxe balcony suite is beautiful, with fantastic views of the cypress trees and ocean.",pending,pending,NO,,,,216664,
USA-VIP-0056,Otter Creek Inn,Shelley Hansen,Owner / Innkeeper,info@ottercreekinn.com,(715) 832-2945,America/Chicago,Eau Claire,Wisconsin,4.8,78,Double whirlpool Jacuzzi suites with gas fireplaces set on a wooded creek estate,"Everything was very spacious and tastefully decorated, and the room was extremely comfortable.",pending,pending,NO,,,,135415,
USA-VIP-0058,Creekside Inn at Sedona,Tamara Charlesworth,Owner,info@creeksideinn.net,(928) 282-4992,America/Phoenix,Sedona,Arizona,4.7,142,Private wooded acreage directly along Oak Creek with secluded meditation grounds and red rock access,The peaceful atmosphere and beautiful location right on Oak Creek made our stay truly wonderful.,pending,pending,NO,,,,135415,
USA-VIP-0061,Beaumont Hotel & Spa,Jennifer Leaver,General Manager / Owner,info@beaumonthotel.com,(970) 325-7000,America/Denver,Ouray,Colorado,4.7,359,"Historic 1886 grand Victorian staircase, private mountain-view spa, and luxury adults-only suites",The restored Victorian architecture and quiet luxury made our Colorado mountain stay unforgettable.,pending,pending,NO,,,,338538,
USA-VIP-0063,Heywood Hotel,Kathy Setzer,Owner,kathy@heywoodhotel.com,(512) 271-5522,America/Chicago,Austin,Texas,4.9,310,Michelin-rated modern craftsmanship suites in East Austin with curated local art and complimentary courtyard bikes,"Casual but sophisticated, comfortable and modern—a delightfully quiet haven in East Austin.",pending,pending,NO,,,,338538,
USA-VIP-0064,8 Dyer Hotel,Brandon Quesnell,Owner / Innkeeper,info@8dyer.com,(508) 487-0880,America/New_York,Provincetown,Massachusetts,5,125,"Chef Brandon's daily epicurean multi-course breakfast, indoor sauna, and heated outdoor pool retreat",Brandon's epicurean breakfasts were unforgettable and the pool and sauna made this our favorite Cape Cod stay.,pending,pending,NO,,,,135415,
USA-VIP-0070,Inn at Playa del Rey,Liz Hall,General Manager,innkeeper@innatplayadelrey.com,(310) 574-1920,America/Los_Angeles,Playa del Rey,California,4.7,639,Scenic private balconies overlooking the 350-acre Ballona Wetlands bird sanctuary and complimentary beach cruiser bikes,"I love the bikes they have to go riding along the ocean and marina, and also love bird watching over the wetlands.",pending,pending,NO,,,,338538,
USA-VIP-0071,The Surfrider Malibu,Brady Reid,General Manager / Owner,brady@thesurfridermalibu.com,(310) 526-6142,America/Los_Angeles,Malibu,California,4.4,120,20-room luxury California beach house with a private guests-only rooftop bar overlooking Surfrider Beach and Malibu Pier,The private rooftop bar overlooking Malibu Pier and Surfrider beach makes this the ultimate California getaway.,pending,pending,NO,,,,135415,
USA-VIP-0073,Chancellor Hotel on Union Square,Wes Tyler,General Manager,wtyler@chancellorhotel.com,(415) 362-2004,America/Los_Angeles,San Francisco,California,4.3,361,Historic 1914 boutique hospitality on Powell Street with classic cable car views and 12-pillow specialty menu,The location right on the cable car line and the wonderful historic charm make this our favorite Union Square stay.,pending,pending,NO,,,,338538,
USA-VIP-0077,Luma Hotel Times Square,Kate Martin,General Manager,kmartin@lumahotels.com,(212) 730-0099,America/New_York,New York,New York,4.7,450,"Floor-to-ceiling soundproof windows, Basque tapas at AperiBar by Charlie Palmer, and robotic butler room deliveries",Awesome experience from the moment we checked in—quiet rooms and fantastic location near Bryant Park.,pending,pending,NO,,,,338538,
USA-VIP-0091,Crane's Beach House Boutique Hotel & Luxury Villas,Cathy Balestriere,General Manager,cathy@cranesbeachhouse.com,(561) 278-1700,America/New_York,Delray Beach,Florida,4.7,190,Tropical key-west courtyard with twin saline swimming pools and weekend live music at the private Tiki Bar,The Tiki bar on Friday and Saturday night with live music and the beautiful saline pools make this an oasis.,pending,pending,NO,,,,216664,
USA-VIP-0093,Dauphine Orleans Hotel,Scott Campbell,General Manager,scampbell@dauphineorleans.com,(504) 586-1800,America/Chicago,New Orleans,Louisiana,4.1,480,Historic French Quarter courtyard with private saltwater pool and cocktails at May Baily's historic lounge,"The people were very nice and helpful, and the private balcony overlooking Dauphine Street was a perfect touch.",pending,pending,NO,,,,338538,
USA-VIP-0096,The Oliver Hotel,Michael Riley,General Manager,mriley@theoliverhotel.com,(865) 521-0050,America/Chicago,Knoxville,Tennessee,4.7,617,1876 historic Market Square boutique suites featuring Peter Kern Lounge speakeasy and Oliver Royale farm-to-table dining,"Spacious, stylish rooms that blend historic charm with modern luxury, and the hidden speakeasy is incredible.",pending,pending,NO,,,,338538,
USA-VIP-0097,The Kent Hotel,Eddie Nunez,General Manager,enunez@thekenthotel.com,(305) 604-5068,America/New_York,Miami Beach,Florida,4.1,821,Classic 1939 Art Deco architecture on Collins Avenue with a peaceful bamboo garden courtyard one block from Ocean Drive,"The Kent Hotel is praised for its central location near the beach and shops, though some rooms feel compact.",pending,pending,NO,,,,338538,
USA-VIP-0103,Archer Hotel Napa,Michele Mangino,Director Of Sales And Marketing,mmangino@archerhotel.com,(707) 699-2200,America/Los_Angeles,Napa,California,4.6,580,"Downtown Napa luxury suites featuring private balcony fireplaces, soaking tubs, and Sky & Vine panoramic rooftop lounge","Set in the heart of downtown Napa, the rooftop bar with fire pits and balcony soaking tubs made our stay extraordinary.",pending,pending,NO,,,,338538,
USA-VIP-0105,The Pacific Inn,Elise Derania,General Manager,ederania@thepacificinn.com,(562) 493-7501,America/Los_Angeles,Seal Beach,California,4.4,550,"Atrium courtyard pool and heated jacuzzi, complimentary beach cruisers, and walking distance to historic Seal Beach Pier","We were very pleased with everything about the hotel. The location was perfect—walk to the beach, restaurants, and pier.",pending,pending,NO,,,,338538,
USA-VIP-0110,Inn at Nye Beach,Kristina Young,General Manager,kyoung@innatnyebeach.com,(541) 265-2477,America/Los_Angeles,Newport,Oregon,4.6,1200,"Oceanfront outdoor infinity hot tub overlooking the Pacific, direct beach access stairs, and in-room gas fireplaces","Staff is warm and friendly, the hotel is well maintained and charming, and the oceanfront infinity spa is breathtaking.",pending,pending,NO,,,,338538,
USA-VIP-0111,The Wildwood Hotel,Megan K'Nuckles,General Manager,mknuckles@thewildwoodhotel.com,(636) 733-9100,America/Chicago,Wildwood,Missouri,4.2,1538,French country chateau architecture in Wildwood Town Center with indoor heated pool and generous morning breakfast,"Clean room, friendly staff, and tons of food for breakfast—a pleasant boutique getaway near St. Louis.",pending,pending,NO,,,,338538,
USA-VIP-0114,The Alfond Inn,Jesse Martinez,General Manager,jmartinez@thealfondinn.com,(407) 998-8090,America/New_York,Winter Park,Florida,4.7,2205,"Rollins Museum contemporary art collection curated throughout the hotel, lush conservatory, and rooftop pool","The incredible museum art collection, beautiful conservatory, and refined Winter Park hospitality made our stay exceptional.",pending,pending,NO,,,,338538,
USA-VIP-0115,Grande Colonial Hotel,Terry Underwood,General Manager,tunderwood@thegrandecolonial.com,(858) 454-2181,America/Los_Angeles,La Jolla,California,4.5,2771,Historic 1913 La Jolla ocean-view landmark featuring farm-to-table fine dining at Michelin-recognized NINE-TEN,"The staff always had a smile on their faces, and the dining at NINE-TEN overlooking the Pacific was exceptional.",pending,pending,NO,,,,338538,
USA-VIP-0120,Hotel Stanford,Helen Kang,General Manager,hkang@hotelstanford.com,(212) 563-1480,America/New_York,New York,New York,4.4,210,Midtown Manhattan Koreatown boutique location with complimentary morning Asian bakery breakfast and tranquil library lounge,Quiet room in the heart of Koreatown with convenient subway access and friendly staff.,pending,pending,NO,,,,216664,
USA-VIP-0123,Heart of the Village Inn,Anatoly Polyakov,Owner,innkeeper@heartofthevillage.com,(802) 985-2800,America/New_York,Shelburne,Vermont,4.9,225,"1886 Queen Anne Victorian architecture, daily multi-course scratch breakfast, and adults-only quiet retreat near Lake Champlain",An amazing adults-only Victorian experience in Shelburne with exceptional gourmet breakfasts.,pending,pending,NO,,,,216664,
USA-VIP-0124,Highland Lake Inn & Resort,Jack Grup,General Manager / Owner,jgrup@hlinn.com,(828) 693-6812,America/New_York,Flat Rock,North Carolina,4.4,620,26 scenic acres on a private mountain lake with canoe/kayak access and farm-to-table dining at Seasons restaurant,The 26-acre lakeside setting and dining at Seasons make this a wonderful Flat Rock mountain retreat.,pending,pending,NO,,,,338538,
USA-VIP-0125,Napa River Inn,Sara Brooks,General Manager,sbrooks@napariverinn.com,(707) 251-8500,America/Los_Angeles,Napa,California,4.5,4050,Historic 1884 Napa Mill waterfront landmark with complimentary fresh pastries from Sweetie Pies bakery delivered daily,"For a much needed getaway, Napa River Inn was Goldilocks perfect—waterfront views, great service, and morning pastries.",pending,pending,NO,,,,338538,
USA-VIP-0131,Black Point Inn,Landace Porta,General Manager,lporta@blackpointinn.com,(207) 883-2500,America/New_York,Prouts Neck,Maine,4.8,150,Historic oceanfront Prouts Neck estate surrounded by water on three sides with direct access to cliff walk and Western Beach,"Offering direct access to the beach, this Prouts Neck oceanfront sanctuary is peaceful, historic, and truly exceptional.",pending,pending,NO,,,,135415,
USA-VIP-0132,Majestic Inn and Spa,Paul Shindell,General Manager,pshindell@majesticinnandspa.com,(360) 299-1400,America/Los_Angeles,Anacortes,Washington,4.5,620,1889 historic McNaught building featuring the Apothecary eucalyptus steam spa and panoramic rooftop lounge views of Mount Baker,"Jayda at the front desk was a gem, and the rooftop lounge views of Mount Baker made our Anacortes visit wonderful.",pending,pending,NO,,,,338538,
USA-VIP-0133,The Inn at Stonecliffe,Suze Oostendorp,General Manager,soostendorp@theinnatstonecliffe.com,(906) 847-3341,America/New_York,Mackinac Island,Michigan,4.7,840,Historic 1904 Cudahy Tudor mansion estate perched on the West Bluff overlooking the Straits of Mackinac with private apple orchards,The West Bluff views of the Straits of Mackinac and the quiet mansion grounds made this a truly timeless retreat.,pending,pending,NO,,,,338538,
USA-VIP-0134,The Tides Inn,Gordon Slatford,General Manager,gslatford@tidesinn.com,(804) 438-5000,America/New_York,Irvington,Virginia,4.6,1100,"Private Carter's Creek peninsula in Chesapeake Bay with complimentary sailing, oyster academy, and creek-side dining",Our 3rd visit to The Tides Inn! We keep coming back. The property is gorgeous and hospitality is top notch.,pending,pending,NO,,,,338538,
USA-VIP-0136,Ballastone Inn,Jennifer Salandi,General Manager,stay@ballastone.com,(912) 236-1484,America/New_York,Savannah,Georgia,4.7,180,1838 antebellum mansion in Savannah's Historic District with full southern breakfast served in the courtyard and evening port wine hour,Staying here was an absolute dream! The Ballastone Inn is beyond charming and uniquely Savannah with gracious staff.,pending,pending,NO,,,,216664,
USA-VIP-0137,The Mast Farm Inn,Henri Deschamps,Owner / Innkeeper,stay@themastfarminn.com,(828) 963-5857,America/New_York,Valle Crucis,North Carolina,4.7,385,"Historic Blue Ridge mountain farmstead with organic kitchen gardens, private historic cabins, and farm-to-table breakfast on the Watauga River","An award-winning historic country inn—farmhouse hospitality, serene cabins, and delicious mountain breakfasts.",pending,pending,NO,,,,338538,
USA-VIP-0010,Inn on Mill Creek,Brigette Walters,Owner / Innkeeper,innkeeper@innonmillcreek.com,(828) 668-1115,America/New_York,Old Fort,North Carolina,4.9,170,7 private forested acres on the NC Birding Trail inside Pisgah National Forest with gourmet scratch breakfast and jetted tubs,"The breakfast was hands down the best I have eaten of any place I have stayed, and Bridgette and Dave are marvelous hosts.",pending,pending,NO,,,,216664,
USA-VIP-0139,Camden Harbour Inn,Oscar Verest,Owner,oscar@camdenharbourinn.com,(207) 236-4200,America/New_York,Camden,Maine,4.8,320,Relais & Châteaux hilltop luxury inn overlooking Penobscot Bay with award-winning fine dining at Natalie's,The Camden Harbour Inn is a charming luxury hotel. We truly enjoyed our 3 nights overlooking the harbor and dining at Natalie's.,pending,pending,NO,,,,338538,
USA-VIP-0142,HarbourView Inn,Mark Henry,Assistant General Manager,mhenry@harbourviewcharleston.com,(843) 853-8439,America/New_York,Charleston,South Carolina,4.8,3200,Historic French Quarter waterfront boutique hotel with private skyline rooftop terrace overlooking Charleston Harbor and Waterfront Park,"The HarbourView Inn is just steps away from Waterfront Park—superb harbor views, evening wine and cheese, and impeccable staff.",pending,pending,NO,,,,338538,
USA-VIP-0143,Revere Guest House,Paul Novak,Owner / Innkeeper,paul@reverehouse.com,(508) 487-2292,America/New_York,Provincetown,Massachusetts,4.8,160,1830 historic sea captain's home in Provincetown's West End featuring peaceful courtyard garden patio and daily homemade breakfast,"Revere Guest House is immaculate, warm, and inviting with wonderful homemade morning breakfasts and quiet courtyard gardens.",pending,pending,NO,,,,216664,
USA-VIP-0156,Idyllwild Inn,Josh White,"Owner, President",josh@idyllwildinn.com,(951) 659-2583,America/Los_Angeles,Idyllwild,California,4.5,480,Historic 1904 pine-forested alpine cabins with wood-burning fireplaces in the heart of the San Jacinto Mountains,The Inn is in a great location and walking distance to the town center—wooded cabins and fireplace make for an authentic mountain stay.,pending,pending,NO,,,,338538,
USA-VIP-0157,The Woods Inn,Charles Frey,Owner and Operator,charlie@thewoodsinn.com,(315) 357-5301,America/New_York,Inlet,New York,4.2,310,Historic 1894 Adirondack waterfront retreat on Fourth Lake featuring classic wrap-around porches and lakeside dining,"A beautifully restored historical waterfront inn on Fourth Lake with stunning lake views, though older historic plumbing needs care.",pending,pending,NO,,,,338538,
USA-VIP-0168,Sea Meadow Inn,Georgeanne Richards,Owner,georgeanne@seameadowinn.com,(508) 896-2223,America/New_York,Brewster,Massachusetts,4.9,65,1789 Captain Freeman historic Cape Cod estate on 3 secluded acres featuring gourmet multi-course farm-to-table breakfast,A luxury boutique bed and breakfast in Brewster—gourmet garden-to-table breakfast and attentive innkeeper hospitality.,pending,pending,NO,,,,135415,
USA-VIP-0170,Waybury Inn,Tracey Getty,Owner,tracey@wayburyinn.com,(802) 388-4015,America/New_York,East Middlebury,Vermont,4.3,230,Historic 1810 Green Mountain landmark made famous as the 'Stratford Inn' on the Bob Newhart Show with classic tavern dining,"As Newhart fans, we loved our getaway to the Waybury Inn—gracious staff, authentic pub charm, and fascinating historic memorabilia.",pending,pending,NO,,,,216664,
USA-VIP-0172,Malibu Beach Inn,Erin Reynolds,General Manager,reservations@malibubeachinn.com,(310) 651-7777,America/Los_Angeles,Malibu,California,4.4,860,Luxury oceanfront boutique hotel directly perched on Carbon Beach ('Billionaire's Beach') featuring coastal dining at Carbon Beach Club,"Unbeatable location right on Carbon Beach with waves crashing beneath your balcony, though coffee and service timing can be refined.",pending,pending,NO,,,,338538,
USA-VIP-0174,The Inn at Willow Grove,Charlene Scibal,Owner,info@innatwillowgrove.com,(540) 317-1206,America/New_York,Orange,Virginia,4.8,610,18th-century historic Virginia plantation estate featuring Forbes 4-star dining at Vintage restaurant and luxury Mill House Spa,"A luxurious historic estate in Virginia wine country—concierge service, exquisite dining at Vintage, and tranquil spa grounds.",pending,pending,NO,,,,338538,
USA-VIP-0175,George Washington Inn,Janet Abbott,Owner / Innkeeper,info@georgewashingtoninn.com,(360) 452-5207,America/Los_Angeles,Port Angeles,Washington,4.9,340,Luxury Mount Vernon replica estate perched on a high bluff overlooking the Strait of Juan de Fuca on a private lavender farm,Comfortable B&B in nice surrounding overlooking the Strait of Juan de Fuca—breathtaking water views and genuine hospitality.,pending,pending,NO,,,,338538,
USA-VIP-0177,Inn at Pelican Bay,Scott Kenney,General Manager,skenney@innatpelicanbay.com,(239) 597-8777,America/New_York,Naples,Florida,4.6,2020,4-star boutique Mediterranean lakeside retreat in North Naples with private lakefront fire pit and complimentary beach shuttle,"The Inn at Pelican Bay is an awesome choice for a nice getaway in Naples—quiet lakeside setting, fire pit, and wonderful staff.",pending,pending,NO,,,,338538,
USA-VIP-0178,Bedford Village Inn,Jack Carnevale,Owner,jcarnevale@bedfordvillageinn.com,(603) 472-2001,America/New_York,Bedford,New Hampshire,4.3,450,"AAA Four-Diamond historic 10-acre country estate featuring the Grand Boutique Hotel, farm-to-table dining, and tavern",Everything at BVI from the historic tavern to the private library room and Grand Boutique Hotel is first class.,pending,pending,NO,,,,338538,
USA-VIP-0190,Inns of Aurora Resort & Spa,Heather Davidson,General Manager,hdavidson@innsofaurora.com,(315) 364-8888,America/New_York,Aurora,New York,4.8,480,"Lakeside Finger Lakes sanctuary comprising five meticulously restored historic village homes, 1833 Kitchen & Bar, and luxury spa","Exceptional Cayuga Lake views, historic restored village mansions, and world-class spa treatments.",pending,pending,NO,,,,338538,
USA-VIP-0193,Harraseeket Inn,Marcia Auriemma,Director of Operations,mauriemma@harraseeketinn.com,(207) 865-9377,America/New_York,Freeport,Maine,4.5,1100,"Historic downtown Freeport luxury country inn with wood-burning fireplaces, organic Maine dining, and Broad Arrow Tavern","A luxury country inn in the heart of Freeport—exceptional hospitality, wood-burning fireplaces, and delicious Maine dining.",pending,pending,NO,,,,338538,
USA-VIP-0205,Inn at the 5th,David Hubbs,VP Hospitality / General Manager,dhubbs@innat5th.com,(541) 743-4099,America/Los_Angeles,Eugene,Oregon,4.6,440,Four-Diamond boutique hotel integrated into the historic 5th Street Public Market with private balconies and local Willamette Valley wine,"Large rooms with original artwork, quiet atmosphere, and nestled right in the vibrant 5th Street Public Market.",pending,pending,NO,,,,338538,
USA-VIP-0209,Brannan Cottage Inn,Eden Umble,General Manager,eden@brannancottageinn.com,(707) 942-4200,America/Los_Angeles,Calistoga,California,4.7,210,"1860 Victorian landmark built by Calistoga founder Sam Brannan, featuring an on-site artisan coffeehouse and garden patio",The Brannan Cottage Inn is adorable—having the coffeehouse on site and historic Victorian architecture in Calistoga is wonderful.,pending,pending,NO,,,,216664,
USA-VIP-0213,The Fearrington House Inn,Juan Cure,General Manager,jcure@fearrington.com,(919) 542-2121,America/New_York,Pittsboro,North Carolina,4.6,320,"Relais & Châteaux countryside estate on a historic dairy farm featuring English gardens, iconic Belted Galloway cows, and Forbes 5-star dining","One of my favorite North Carolina hideouts—peaceful dairy farm grounds, Belted Galloway cows, and exquisite fine dining.",pending,pending,NO,,,,338538,
USA-VIP-0214,The Clifton,Fotini Williams,General Manager,fwilliams@clifton-inn.com,(434) 971-1800,America/New_York,Charlottesville,Virginia,4.4,294,Historic 1799 colonial estate on 100 secluded wooded acres in the Blue Ridge foothills featuring 1799 Restaurant and infinity pool,"The Clifton is a real gem—friendly staff, spacious rooms, though occasional service and front desk hiccups can occur.",pending,pending,NO,,,,216664,
USA-VIP-0221,Ann Street Inn,Donna Babington,Owner / Innkeeper,stay@annstreetinn.com,(252) 728-6903,America/New_York,Beaufort,North Carolina,4.8,85,"Historic 1832 Greek Revival residence in Beaufort's historic district with lush garden courtyard, Southern breakfast, and steps to waterfront","The perfect blend of historic charm, relaxation, and genuine hospitality in the heart of Beaufort.",pending,pending,NO,,,,135415,
USA-VIP-0222,Prospect Place,Eric Huenneke,Owner / Innkeeper,stay@prospectpl.com,(617) 864-7500,America/New_York,Cambridge,Massachusetts,4.7,176,Historic 1850s Italianate Victorian townhouse B&B in Cambridge between Harvard and MIT featuring period antique furnishings and homemade breakfast,"This bed and breakfast was so incredibly lovely—spotless, welcoming, and Eric is a wonderfully gracious innkeeper.",pending,pending,NO,,,,216664,
USA-VIP-0223,Benn Conger Inn,Peter Zon,Owner / Innkeeper,innkeeper@benncongerinn.com,(607) 898-5817,America/New_York,Groton,New York,4.6,160,"Historic 1921 Revival mansion built by NY State Senator Benn Conger, famous as Dutch Schultz's prohibition hideaway, with fine Mediterranean dining",Historic family-owned inn in Groton—incredible history as a Prohibition-era hideaway with wonderful dining.,pending,pending,NO,,,,216664,
USA-VIP-0224,Autumn Pond Bed & Breakfast,John Lorenz,Owner / Innkeeper,info@autumnpond.com,(509) 548-4462,America/Los_Angeles,Leavenworth,Washington,4.8,120,Bavarian-style retreat on a private pond near downtown Leavenworth with Cascade Mountain views and full gourmet hot breakfast,"Autumn Pond is a peaceful, beautiful B&B in Leavenworth with fantastic mountain views and John's delicious morning breakfasts.",pending,pending,NO,,,,135415,
USA-VIP-0225,Glen-Ella Springs Inn,Ed Kivett,Owner / Innkeeper,innkeeper@glenella.com,(706) 754-7295,America/New_York,Clarkesville,Georgia,4.8,460,Historic 1890 country inn on 17 acres in the North Georgia mountains with award-winning rustic fine dining restaurant and porch rocking chairs,"#1 Best North Georgia Bed and Breakfast—stunning peaceful mountain grounds, rocking chairs, and exceptional dining.",pending,pending,NO,,,,338538,
USA-VIP-0226,Old Field House Inn,Rod Hopwood,Owner / Innkeeper,stay@oldfieldhouse.com,(603) 356-5478,America/New_York,Intervale,New Hampshire,4.7,140,"Charming White Mountains country inn and cottages with heated pool, game room, and proximity to North Conway skiing and hiking","Charming Mount Washington Valley retreat with heated pool, beautiful grounds, and warm hospitality.",pending,pending,NO,,,,135415,
USA-VIP-0230,Victoria Inn Bed & Breakfast,Pamela Ferguson,General Manager / Innkeeper,info@thevictoriainn.com,(603) 929-1437,America/New_York,Hampton,New Hampshire,4.7,230,1870 Victorian bed and breakfast on the New Hampshire Seacoast half-mile from North Beach featuring lush English gardens and private pavilion,Pamela Ferguson is a wonderful hostess who runs an immaculate inn with beautiful gardens close to Hampton Beach.,pending,pending,NO,,,,216664,
USA-VIP-0234,ForFriends Inn,Jim Campbell,Owner / Innkeeper,stay@forfriendsinn.com,(805) 693-2030,America/Los_Angeles,Santa Ynez,California,4.9,240,Premier boutique inn in Santa Ynez wine country with daily 3-course scratch breakfast and complimentary afternoon happy hour wine tasting,Staying somewhere where meeting other guests and enjoying the afternoon wine reception is part of the experience is so unique and wonderful.,pending,pending,NO,,,,216664,
USA-VIP-0235,Wine Country Inn,Richard Tally,Owner / Founder,info@coloradowinecountryinn.com,(970) 464-5777,America/Denver,Palisade,Colorado,4.5,860,Colorado's premier vineyard hotel sitting amidst 21 acres of working vineyards in Palisade with complimentary afternoon wine receptions and mountain views,Experience the romance of the vineyards amidst 21 acres in Palisade with breathtaking Grand Mesa views and local wine.,pending,pending,NO,,,,338538,
USA-VIP-0237,Guggisberg Swiss Inn,Julia Guggisberg,Owner / Innkeeper,innkeeper@guggisbergswissinn.com,(330) 893-3600,America/New_York,Charm,Ohio,4.6,320,"Picturesque alpine-style inn in Ohio Amish Country with on-site Doughty Glen winery, duck pond, horseback riding stables, and Swiss breakfast","A wonderful small inn in Ohio Amish country! Beautiful grounds, Doughty Glen winery, horseback riding, and great owners.",pending,pending,NO,,,,338538,
USA-VIP-0240,Whitestone Country Inn,Jean Cowell,General Manager,stay@whitestoneinn.com,(865) 376-0113,America/Chicago,Kingston,Tennessee,4.8,871,360-acre secluded lakeside sanctuary on Watts Bar Lake in East Tennessee featuring horse-drawn carriage rides and country farmstead breakfast,"Whitestone Inn is a peaceful sanctuary on Watts Bar Lake—hearty country breakfast, lake views, and warm Southern hospitality.",pending,pending,NO,,,,338538,
USA-VIP-0241,Goodstone Inn & Restaurant,Laura Petrosino,General Manager,information@goodstone.com,(540) 687-4645,America/New_York,Middleburg,Virginia,4.5,548,"265-acre historic country estate in Virginia hunt country featuring luxury cottage suites, working farm, French dining, and heated ivy-covered pool","A fireplace along with an outdoor patio in every suite—welcoming atmosphere, exquisite dining, and peaceful Middleburg countryside.",pending,pending,NO,,,,338538,
USA-VIP-0245,Canna Country Inn,Daniel Ruffner,Owner / Innkeeper,innkeeper@cannainnbandb.com,(717) 938-6821,America/New_York,Etters,Pennsylvania,4.8,90,"Historic 1853 restored bank barn B&B in York County with massive exposed chestnut beams, wrap-around deck overlooking trout stream, and hearty breakfast","Fantastic 1853 restored barn with rustic exposed beams, peaceful trout stream, and genuine innkeeper warmth.",pending,pending,NO,,,,135415,
USA-VIP-0250,Ravenwood Castle,Pam Reed,Owner / Manager,info@ravenwoodcastle.com,(740) 596-2606,America/New_York,New Plymouth,Ohio,4.6,1135,"12th-century medieval replica castle nestled in Hocking Hills with themed medieval suites, Raven's Roost Pub, and board game library","Nestled in the woods of scenic Hocking Hills, Ravenwood Castle provides a charming setting with medieval flair and great gaming library.",pending,pending,NO,,,,338538,
USA-VIP-0251,The French Manor Inn & Spa,Mary Logan,Owner / Innkeeper,info@thefrenchmanor.com,(570) 676-3244,America/New_York,Greentown,Pennsylvania,4.7,420,"AAA Four-Diamond French stone chateau perched atop Huckleberry Mountain in the Poconos with panoramic mountain views, Le Spa Forêt, and classical French dining","A luxury Poconos retreat with breathtaking mountain views, classical French dining, and relaxing Le Spa Forêt.",pending,pending,NO,,,,338538,
USA-VIP-0254,Clamber Hill Inn & Restaurant,Deni Ellis,Owner / Innkeeper,innkeeper@clamberhill.com,(978) 724-8800,America/New_York,Petersham,Massachusetts,4.5,140,Romantic country inn set on 33 secluded wooded acres in Central Massachusetts featuring Mark Ellis's fine dining restaurant and extensive single-malt scotch collection,Clamber Hill is a romantic country retreat in the heart of Central Massachusetts with exceptional chef-driven dinners and peaceful woods.,pending,pending,NO,,,,135415,
USA-VIP-0294,Hartwell House Inn,Charlene Taubert,Owner / Innkeeper,innkeeper@hartwellhouseinn.com,(207) 646-7210,America/New_York,Ogunquit,Maine,4.7,550,"Historic coastal boutique inn steps from Perkins Cove and Marginal Way cliff walk featuring afternoon tea, European antiques, and lush flower gardens","Innkeepers Eric and Charlene Taubert are unsurpassed in their kindness, and the Marginal Way location near Perkins Cove is perfection.",pending,pending,NO,,,,338538,
USA-VIP-0299,Fruit Basket Inn,Eileen Sklar,Owner / Innkeeper,innkeeper@fruitbasketinn.com,(260) 982-2443,America/Chicago,North Manchester,Indiana,4.8,18,Historic Victorian bed & breakfast in downtown North Manchester near Manchester University featuring homemade country breakfast and period antique decor,"Delightful retreat in North Manchester—cozy B&B experience, immaculate rooms, and warm innkeeper hospitality.",pending,pending,NO,,,,135415,
USA-VIP-0302,Glenlaurel Inn,Michael Daniels,General Manager,info@glenlaurel.com,(740) 385-4070,America/New_York,Rockbridge,Ohio,4.7,380,"Scottish Highlands-style estate on 140 acres in Hocking Hills with private secluded crofts, Camusfearna gorge hiking trail, and 7-course candlelit Scottish dinners","A slice of Scotland in Hocking Hills—private secluded crofts, bagpipe dinners, and tranquil Camusfearna gorge hiking.",pending,pending,NO,,,,338538,
USA-VIP-0303,The Lodge at Buckberry Creek,Buddy McLean,Owner / Managing Partner,info@buckberrylodge.com,(865) 430-8030,America/Chicago,Gatlinburg,Tennessee,4.6,760,Adirondack-style Great Smoky Mountain luxury retreat nestled against the national park with private creek-side balconies and Vista dining,Conveniently located near Roaring Fork and Sugarlands—breathtaking mountain views and genuine rustic luxury.,pending,pending,NO,,,,338538,
USA-VIP-0304,Baladerry Inn,Judy Caudill,Owner / Innkeeper,innkeeper@baladerryinn.com,(717) 337-1342,America/New_York,Gettysburg,Pennsylvania,4.8,280,"Historic 1812 brick farmhouse that served as a Union field hospital during the Battle of Gettysburg, nestled on a peaceful wooded knoll near the battlefield","Incredible Civil War history, peaceful battlefield setting, and Judy's delicious homemade country breakfasts.",pending,pending,NO,,,,216664,
USA-VIP-0305,The Lilac Inn,Shelly Sawyer,Owner / Innkeeper,innkeeper@lilacinn.com,(802) 247-5463,America/New_York,Brandon,Vermont,4.6,280,"Historic 1909 Georgian Revival country mansion featuring romantic cobblestone courtyards, extensive English perennial gardens, and Vermont breakfast","This place is an absolute gem in Brandon—gorgeous perennial gardens, historic character, and Shelly is a wonderful innkeeper.",pending,pending,NO,,,,216664,
USA-VIP-0309,Cedaroma Lodge,Lynn Upthagrove,Owner,info@cedaroma.com,(715) 479-1040,America/Chicago,Saint Germain,Wisconsin,4.8,86,"Year-round Northwoods lakeside resort on Little St. Germain Lake with cedar cabins, private sandy beach, pontoon rentals, and night campfires","A classic Northwoods lakeside getaway—private sandy beach on Little St. Germain Lake, campfires, and pontoon boating.",pending,pending,NO,,,,135415,
USA-VIP-0310,Lucerne Inn,David Silverman,Owner / General Manager,info@lucerneinn.com,(207) 843-5123,America/New_York,Dedham,Maine,4.3,893,"Historic 1800s country inn overlooking Phillips Lake and Bald Mountain with wood-burning fireplaces, lakeside patio, and gazebo gardens","Experience classic New England charm overlooking Phillips Lake, though historic rooms and service pacing receive mixed feedback.",pending,pending,NO,,,,338538,
USA-VIP-0311,Old Rittenhouse Inn,Wendy Phillips,Innkeeper / General Manager,frontdesk@rittenhouseinn.com,(715) 779-5111,America/Chicago,Bayfield,Wisconsin,4.8,480,"Wisconsin's first B&B, an 1890 Queen Anne Victorian mansion overlooking Lake Superior and the Apostle Islands with gourmet dining at Landmark Restaurant","Wisconsin's first B&B is absolutely beautiful—Victorian charm, whirlpool suites, and exquisite breakfast overlooking Lake Superior.",pending,pending,NO,,,,338538,
USA-VIP-0312,Davidson Village Inn,Gordon Clark,Owner / Innkeeper,innkeeper@davidsoninn.com,(704) 892-8044,America/New_York,Davidson,North Carolina,4.8,197,"Boutique inn in historic downtown Davidson across from Davidson College featuring locally roasted Summit Coffee, afternoon tea, and pedestrian village access","A luxury boutique hotel in quaint downtown Davidson—exceptional staff, spotlessly clean rooms, and wonderful breakfast.",pending,pending,NO,,,,216664,
USA-VIP-0318,White Gull Inn,Andy Coulson,Owner / Innkeeper,innkeeper@whitegullinn.com,(920) 868-3517,America/Chicago,Fish Creek,Wisconsin,4.7,1568,Historic 1896 bayside inn in Door County famous for traditional outdoor Lake Michigan whitefish boils and award-winning cherry stuffed French toast,Historic Door County inn in bayside Fish Creek—unforgettable traditional fish boil and incredible cherry stuffed French toast.,pending,pending,NO,,,,338538,
USA-VIP-0322,The Old Village Inn,Dean Goodman,Owner,stay@theoldvillageinn.net,(207) 646-7088,America/New_York,Ogunquit,Maine,4.3,665,"Historic 1833 village inn on Ogunquit's Main Street featuring classic English pub dining, freshly renovated guest suites, and walkability to the beach","A classic Ogunquit tradition on Main Street with newly renovated interiors, though dinner service timing and historic quirks receive mixed reviews.",pending,pending,NO,,,,338538,
USA-VIP-0323,The Eagle Harbor Inn,Bonnie McBryan,Owner / Innkeeper,innkeeper@theeagleharborinn.com,(206) 842-1446,America/Los_Angeles,Bainbridge Island,Washington,4.8,240,#1 rated petit boutique hotel in downtown Bainbridge Island built around a private garden courtyard steps from Winslow Way and marina,"The #1 Rated Hotel in downtown Bainbridge Island—intimate petit hotel, gorgeous courtyard garden, and exceptional hospitality.",pending,pending,NO,,,,216664,
USA-VIP-0324,Clarendon Square Inn,Stephen Gross,Owner / Innkeeper,stephen@clarendonsquare.com,(617) 536-2229,America/New_York,Boston,Massachusetts,4.8,210,Historic 1860s Victorian brownstone boutique hotel in Boston's South End with private rooftop jacuzzi overlooking the Boston skyline,Clarendon Square Inn rivals any 5 star hotel in Boston—private rooftop jacuzzi with skyline views and immaculate brownstone design.,pending,pending,NO,,,,216664,
USA-VIP-0328,Tallman Hotel,Travis Lipscomb,General Manager,info@tallmanhotel.com,(707) 275-2244,America/Los_Angeles,Upper Lake,California,4.7,294,Restored 1890s boutique hotel in Lake County wine country featuring Japanese-style Ofuro cedar soaking tubs and live music at Blue Wing Saloon,"Located prominently on Main Street, the Tallman Hotel is an oasis in Upper Lake—restored 1890s charm, private soaking tubs, and great music at Blue Wing.",pending,pending,NO,,,,216664,
USA-VIP-0331,Hotel Warner,Lisa Stephens,General Manager,lstephens@hotelwarner.com,(610) 692-6920,America/New_York,West Chester,Pennsylvania,4.2,544,"Historic 1930 Warner Theatre conversion into a boutique hotel in downtown West Chester with indoor heated pool, fitness center, and Marquee Bar","Historic theater conversion in downtown West Chester—great location and friendly front desk, though older room appointments and breakfast get mixed notes.",pending,pending,NO,,,,338538,
USA-VIP-0332,Hotel Boulderado,Lisa Lindgren,General Manager,llindgren@boulderado.com,(303) 442-4344,America/Denver,Boulder,Colorado,4.3,2100,"Historic 1909 Victorian luxury landmark one block from Pearl Street Mall with stained-glass ceiling atrium, cantilevered cherry staircase, and License No. 1 speakeasy","A luxury landmark in downtown Boulder with stunning stained-glass atrium, though premium room rates bring heightened sensitivity to historic service hiccups.",pending,pending,NO,,,,338538,
USA-VIP-0333,The Cliff House at Pikes Peak,Paul York,General Manager,info@thecliffhouse.com,(719) 685-3000,America/Denver,Manitou Springs,Colorado,4.6,1258,Historic 1874 Victorian luxury hotel older than Colorado statehood at the foot of Pikes Peak with 54 rooms and fine dining at The Dining Room,Historic luxury at the foot of Pikes Peak—uniquely decorated Victorian suites and exceptional fine dining.,pending,pending,NO,,,,338538,
USA-VIP-0335,Forty 1 North,Peter Borden,General Manager,info@41north.com,(401) 846-8018,America/New_York,Newport,Rhode Island,4.4,480,Eco-luxury waterfront boutique hotel and marina in downtown Newport on Thames Street with Christie's and The Grill overlooking the harbor,"Stunning backdrop of Newport Harbor—waterfront boutique destination on Thames Street, though dining service can encounter delays.",pending,pending,NO,,,,338538,
USA-VIP-0336,Berkeley City Club,Nancy Johnson,General Manager,info@berkeleycityclub.com,(510) 848-7800,America/Los_Angeles,Berkeley,California,4.4,768,"Historic 1929 'Little Castle' designed by legendary architect Julia Morgan featuring historic vaulted ceilings, indoor lap pool, and Julia's Restaurant","Architectural masterpiece designed by Julia Morgan—historic gothic ceilings, vintage indoor pool, and Julia's Restaurant.",pending,pending,NO,,,,338538,
USA-VIP-0337,Morris House Hotel,Jeanette Vennell,General Manager,info@morrishousehotel.com,(215) 922-2446,America/New_York,Philadelphia,Pennsylvania,4.5,717,Historic 1787 National Historic Landmark brownstone in Washington Square West featuring private courtyard gardens and afternoon tea,"A peaceful oasis in Center City Philadelphia—historic 1787 colonial courtyard, lovely afternoon tea, and gracious staff.",pending,pending,NO,,,,338538,
USA-VIP-0342,Hotel Veritas,Christopher Slomiak,General Manager,info@thehotelveritas.com,(617) 520-5300,America/New_York,Cambridge,Massachusetts,4.4,640,"31-room independent boutique luxury hotel in Harvard Square featuring Carrera marble baths, custom furnishings, and intimate Cantabrigian hospitality","An absolute gem hidden just outside of Harvard Square—modern, updated, intimate, and wonderfully quiet.",pending,pending,NO,,,,338538,
USA-VIP-0367,Wayne Hotel,David Brennan,General Manager,info@waynehotel.com,(610) 687-5000,America/New_York,Wayne,Pennsylvania,4.4,360,"Historic 1906 boutique landmark on Philadelphia's Main Line featuring Rosalie Italian restaurant, grand veranda, and European elegance","An absolutely beautiful and upscale property on the Main Line—gracious veranda, excellent dining at Rosalie, and classic elegance.",pending,pending,NO,,,,338538,
USA-VIP-0369,Hotel Healdsburg,Aziz Zhari,General Manager,aziz@hotelhealdsburg.com,(707) 431-2800,America/Los_Angeles,Healdsburg,California,4.6,520,Luxury wine country boutique hotel anchored on Healdsburg's historic Plaza featuring Dry Creek Kitchen by Charlie Palmer and full-service spa,"Hotel Healdsburg nails that great wine country location—polished service, Dry Creek Kitchen, and relaxing garden pool.",pending,pending,NO,,,,338538,
USA-VIP-0372,Twin Pine Manor Bed and Breakfast,Karen Ruiz,Owner / Innkeeper,innkeeper@twinpinemanor.com,(717) 733-3834,America/New_York,Ephrata,Pennsylvania,4.8,140,"9-room luxury countryside mansion set on a ridge in Lancaster County with 9 private Jacuzzis, panoramic farmland views, and 4-course breakfast","One of the Top Ten B&Bs in the U.S.—luxurious Jacuzzi suites, panoramic Lancaster farmland views, and exceptional scratch breakfasts.",pending,pending,NO,,,,135415,
USA-VIP-0374,Gold Mountain Manor Bed & Breakfast,Darrin Odell,Owner / Innkeeper,info@goldmountainmanor.com,(909) 585-6997,America/Los_Angeles,Big Bear City,California,4.7,260,"Historic 1928 log mansion in Big Bear with stone fireplaces, fairy-lit pine tree garden, and gourmet multi-course mountain breakfast","The ambiance of the manor is unsurpassed—fairy-lit lawn area, uniquely cozy log rooms, and delicious mountain breakfast.",pending,pending,NO,,,,216664,
USA-VIP-0433,Lighthouse Inn,Susie Morris,Owner / Innkeeper,stay@lighthouseinn.com,(912) 786-0901,America/New_York,Tybee Island,Georgia,4.4,162,Historic coastal cottage bed & breakfast steps from Tybee Island Light Station and North Beach featuring fresh baked morning breakfast and rocking chair porch,"Close to Tybee Island Beach—free homemade breakfast, friendly innkeepers Susie and Stuart, and authentic relaxed island charm.",pending,pending,NO,,,,216664,
USA-VIP-0436,North Hero House Inn & Restaurant,Desiree Maltais,General Manager,info@northherohouse.com,(802) 372-4732,America/New_York,North Hero,Vermont,4.4,420,"Historic 1891 waterfront inn on Lake Champlain's Champlain Islands featuring private sandy beach, marina dock, and Pier Bar & Grill","Waterfront inn on Lake Champlain with a beautiful Pier Bar and grill, though dining service pace can encounter occasional delays.",pending,pending,NO,,,,338538,
USA-VIP-0437,Creekside Inn & Resort,Mark Crescione,Owner / General Manager,info@creeksideinn.com,(707) 869-3623,America/Los_Angeles,Guerneville,California,4.5,91,"Rustic-chic Russian River retreat secluded among towering ancient redwoods with private creek beach, seasonal swimming pool, and stone fire pits","A hidden gem along the Russian River—towering redwoods, peaceful creek access, and warm attentive staff.",pending,pending,NO,,,,135415,
USA-VIP-0438,Snowbird Mountain Lodge,Robert Rankin,General Manager,innkeeper@snowbirdlodge.com,(828) 479-3433,America/New_York,Robbinsville,North Carolina,4.8,887,"Historic 1941 mountaintop lodge perched above Lake Santeetlah and the Great Smoky Mountains featuring all-inclusive chef-driven dining, stone fireplaces, and guided lake excursions","An all-inclusive mountain retreat experience—exquisite three-course meals, breathtaking views of Lake Santeetlah, and historic stone lodge charm.",pending,pending,NO,,,,338538,
USA-VIP-0442,Beck's Motor Lodge,Brittney Beck,General Manager / Co-Owner,info@becksmotorlodge.com,(415) 621-8212,America/Los_Angeles,San Francisco,California,4.3,820,"Family-owned mid-century boutique motor lodge on Market Street in the heart of The Castro featuring complimentary parking, private sundeck, and vintage hospitality",The rare free parking and great Castro location are what drew me here—modernized mid-century rooms and super friendly staff.,pending,pending,NO,,,,338538,
USA-VIP-0444,Modern Hotel and Bar,Elizabeth Tullis,Owner / Managing Director,info@themodernhotel.com,(208) 424-8244,America/Denver,Boise,Idaho,4.5,750,"Mid-century motel reimagined into a chic boutique hotel in Boise's Linen District featuring minimalist aesthetic, custom wood furnishings, and craft cocktail courtyard bar","A chic boutique inn with minimalist Mad Men aesthetic, excellent craft cocktails, and walkable Linen District location.",pending,pending,NO,,,,338538,
USA-VIP-0445,A Sunset Chateau,Jean Buillet,Owner / Innkeeper,info@asunsetchateau.com,(928) 282-2644,America/Phoenix,Sedona,Arizona,4.8,620,"Luxury hillside boutique B&B hotel nestled on 2 secluded acres overlooking Sedona's Red Rocks with saltwater pool, waterfall hot tub, and cooked-to-order gourmet breakfast","Breathtaking views of Sedona's Red Rocks from the balcony, delicious hot breakfast, and peaceful saltwater pool.",pending,pending,NO,,,,338538,
USA-VIP-0450,Yosemite Bug Rustic Mountain Resort,Douglas Shaw,Owner & General Manager,doug@yosemitebug.com,(209) 989-3598,America/Los_Angeles,Midpines,California,4.4,1800,"June Bug Cafe, bodymind health spa, rustic forest cabins",Terrible and condescending owner / strength and stamina required for trails,pending,pending,NO,,,,338538,
USA-VIP-0478,The Inn on Madeline Island,Susan Hartzell,Proprietor,susan@madisland.com,(715) 747-6315,America/Chicago,La Pointe,Wisconsin,4.2,139,"Lake Superior harbor cottages, private boat dock, Apostle Islands views","Great island views and dock access, but check-in communication and property upkeep varied",pending,pending,NO,,,,135415,
USA-VIP-0481,The Inn at Honey Run,Jason Nies,Proprietor,jnies@innathoneyrun.com,(330) 674-0011,America/New_York,Millersburg,Ohio,4.7,450,"Honeycomb rooms, Tarragon fine dining, Open Air Art Museum woodland trails",quaint but serene getaway located in Amish country with fine dining at Tarragon,pending,pending,NO,,,,338538,
USA-VIP-0508,New Horizon Resort & Lodge,Louella Fraser,Proprietor,louella@newhorizonresort.com,(218) 847-8704,America/Chicago,Detroit Lakes,Minnesota,4.6,75,"Lake Melissa shoreline cabins, homemade lakeside breakfast, fishing boat docks",Delicious lakeside breakfast and peaceful lake views,pending,pending,NO,,,,135415,
USA-VIP-0513,Pine Creek Lodge,Chip Hurt,Proprietor,chip@pinecreeklodgemontana.com,(406) 222-3628,America/Denver,Livingston,Montana,4.7,455,"Creekside dining, outdoor live music stage, handcrafted Paradise Valley cabins",rustic-yet-comfortable accommodations in the heart of Paradise Valley with creekside dining and live music,pending,pending,NO,,,,338538,
USA-VIP-0516,Doherty Hotel,Dean Doherty,Owner & General Manager,dean@dohertyhotel.com,(989) 386-3441,America/New_York,Clare,Michigan,4.1,850,"Historic 90-year 4th-generation family heritage, Leprechaun Irish Pub, indoor pool","historic hotel with Irish Pub, but mixed feedback on older room fixtures and acoustics (3.3 on Yelp)",pending,pending,NO,,,,338538,
USA-VIP-0521,Dinah's Garden Hotel,Julie Handley,Owner & Executive General Manager,julie@dinahshotel.com,(650) 493-2844,America/Los_Angeles,Palo Alto,California,4.4,680,"Lush tropical gardens with koi ponds & waterfalls, Poolside Restaurant & bar","Delighted to Return, This Hotel Keeps Getting Better ... koi ponds and lush gardens",pending,pending,NO,,,,338538,
USA-VIP-0522,The Inn at Scituate Harbor,Lynda Ferguson,General Manager - Co-Owner,lynda@innatscituate.com,(781) 545-5550,America/New_York,Scituate,Massachusetts,4.2,210,"Harbor views, heated indoor pool, steps from coastal Scituate Harbor shops","charming retreat showcasing coastal allure, though older Yelp reviews average 2.4",pending,pending,NO,,,,216664,
USA-VIP-0538,Winvian Farm,Maggie Smith,Sole Proprietor,msmith@winvian.com,(860) 567-9600,America/New_York,Morris,Connecticut,4.6,180,"18 custom architectural cottages, Relais & Chateaux farm-to-table dining, 5,000 sq ft luxury spa","Family and friends filled the Cottages... beautiful farm-to-table dining, but Yelp reflects 4.2 with unaddressed service remarks",pending,pending,NO,,,,216664,
USA-VIP-0541,The Duck Inn Lodge,Sandy Zielke,Owner & Innkeeper,sandy@duckinn.com,(406) 862-3825,America/Denver,Whitefish,Montana,4.8,305,"Whitefish riverbank location, outdoor cedar hot tub, homemade gourmet breakfasts","cozy and clean inn located right on the riverbank, offering beautiful views and warm hospitality",pending,pending,NO,,,,338538,
USA-VIP-0542,Fort Lewis Lodge & Farm,Caryl Cowden,Innkeeper & Owner,info@fortlewislodge.com,(540) 925-2314,America/New_York,Millboro,Virginia,4.9,260,"3,200-acre mountain farm estate, Cowpasture River fly-fishing, historic silo bedrooms & farm dining",hospitality was incredibly warm and welcoming... from the outstanding farm-to-table food to the peaceful Cowpasture River,pending,pending,NO,,,,216664,
USA-VIP-0545,Lily Creek Lodge,Sharon Bacek,Owner & Innkeeper,lilycreeklodge@windstream.net,(706) 864-6848,America/New_York,Dahlonega,Georgia,4.9,142,"Dahlonega wine country woodland lodge, waterfall swimming pool, treehouse suite","peaceful, quiet, and surrounded by nature... waterfall pool and treehouse setting in wine country",pending,pending,NO,,,,135415,
USA-VIP-0546,Alaska's Boardwalk Lodge,Brad Steuart,Owner,brad@boardwalklodge.com,(800) 764-3918,America/Anchorage,Thorne Bay,Alaska,4.8,53,"Orvis-endorsed fly fishing, saltwater ocean charters, oceanfront cedar lodge & gourmet dining",treated like royalty... amazing ocean and freshwater fishing guides and private oceanfront cedar lodge,pending,pending,NO,,,,135415,
USA-VIP-0547,St. Bernard Lodge,Sharon Roberts,Owner & Innkeeper,sharon@stbernardlodge.com,(530) 258-3382,America/Los_Angeles,Mill Creek,California,4.3,125,"Historic 1929 mountain lodge on 10 acres, cozy tavern & trout pond, minutes from Lassen Volcanic National Park","The staff is what makes this place great, but older shared bathroom setup drew mixed comments",pending,pending,NO,,,,135415,
USA-VIP-0549,Hidden Hill Lodge,Lorrie Sanderson,Owner,lorriesanderson@hiddenhilllodge.com,(605) 486-4554,America/Chicago,Roslyn,South Dakota,4.9,45,"Glacial lakes hunting & fishing retreat, homemade lodge meals, game cleaning facilities",most beautiful and peaceful place ever... owners are amazing hosts and guides are very knowledgeable,pending,pending,NO,,,,135415,
USA-VIP-0550,Big Hole Lodge,Craig Fellin,Founder & Owner,craig@flyfishinglodge.com,(406) 832-3252,America/Denver,Wise River,Montana,4.9,38,"Orvis Lodge of the Year, riverside dining, blue-ribbon fly fishing on Wise and Big Hole rivers",exceeded expectations from check-in to check-out... unmatched guided fishing on the Big Hole,pending,pending,NO,,,,135415,
USA-VIP-0551,Lava Mountain Lodge,Susan Nessan,Owner,susan.nessan@lavamountainlodge.com,(307) 455-2512,America/Denver,Dubois,Wyoming,4.3,280,"Togwotee Pass location, cozy log cabins, on-site wilderness steakhouse & snowmobile trail access","Beautiful area and mountain views, but older room furnishings and service pace drew feedback",pending,pending,NO,,,,216664,
USA-VIP-0552,Callahan's Mountain Lodge,Donna Bergquist,Owner,info@callahanslodge.com,(541) 482-1299,America/Los_Angeles,Ashland,Oregon,4.2,1413,"Mt. Ashland Pacific Crest Trail setting, wood-burning fireplaces, nightly live music dining",Public guest dispute regarding booking and communication; live music and scenic setting praised,pending,pending,NO,,,,338538,
USA-VIP-0555,The Silver Lake Lodge,Emily Shook,Owner,emily@thesilverlakelodge.com,(303) 567-9299,America/Denver,Idaho Springs,Colorado,4.9,105,"10,500-foot Rockies elevation, St. Mary's Glacier hiking trails, 3-course gourmet breakfast","outstanding from start to finish... personal service at check-in and during meals at 10,500 feet",pending,pending,NO,,,,135415,
USA-VIP-0556,Pybus Point Lodge,Scott Jorgensen,Owner,scott@pybus.com,(520) 490-4107,America/Anchorage,Kake,Alaska,4.9,120,"Admiralty Island all-inclusive luxury, custom heated catamarans, gourmet Pacific Northwest dining, whale watching",amazing 5 star experience... Scott and Jody Jorgensen and their staff went above and beyond,pending,pending,NO,,,,135415,
USA-VIP-0558,The Lodge at Grant's Trail,Jan Orlando,Innkeeper & Owner,jorlando@lodgeatgrantstrail.com,(314) 638-3340,America/Chicago,St. Louis,Missouri,4.7,140,"Rustic-elegant hand-hewn log architecture, stone fireplaces, private whirlpool tubs, Grant's Trail access",absolute perfection... super comfortable themed rooms and delicious breakfast,pending,pending,NO,,,,135415,
USA-VIP-0560,Pere Marquette River Lodge,Frank Willetts,Owner,frank.willetts@pmlodge.com,(231) 745-3972,America/New_York,Baldwin,Michigan,4.5,240,"Orvis-endorsed fly shop, riverside lodge on Pere Marquette River, private guided fishing trips","Stay, fish, and gear up... but Yelp rating sits at 3.3 with unaddressed customer remarks",pending,pending,NO,,,,216664,
USA-VIP-0566,Eagle Pass Lodge,Steve Munger,Owner,info@eaglepasslodge.com,(605) 943-5660,America/Chicago,Ree Heights,South Dakota,4.9,35,"Premier all-inclusive pheasant hunting lodge on private South Dakota prairie, gourmet chef-prepared meals",South Dakota's top pheasant country with exceptional hunting guides and first-class lodge hospitality,pending,pending,NO,,,,135415,
USA-VIP-0568,Kodiak Sportsman's Lodge,Gary Sampson,Owner,gary@kodiaksportsmanslodge.com,(907) 286-2252,America/Anchorage,Old Harbor,Alaska,4.8,40,"Remote Kodiak Island oceanfront lodge, custom aluminum catamaran charters, world-class halibut and king salmon fishing",best halibut fishing trips out there with expert fishing guides and ample wildlife,pending,pending,NO,,,,135415,
USA-VIP-0575,Talon Lodge & Spa,Gwen Younger,Co-Owner,gyounger@talonlodge.com,(800) 536-1864,America/Anchorage,Sitka,Alaska,4.9,110,"Private island luxury resort on Apple Island, open-air gourmet dining, open-air spa pavilion, ocean fishing charters",Expectations Gone Wild... sits on a private island just off the Sitka shoreline along the pristine Inside Passage,pending,pending,NO,,,,135415,
USA-VIP-0577,Sun Viking Lodge,Gary Brown,Owner,gbrown@sunviking.com,(386) 252-3644,America/New_York,Daytona Beach Shores,Florida,4.3,1450,"Family beachfront resort on Daytona Beach Shores, 60-foot water slide, heated indoor pool, oceanside cafe",Located on the beach... but Booking.com score reflects 6.7 with unaddressed feedback on older room fixtures,pending,pending,NO,,,,338538,
USA-VIP-0579,Deerfoot Lodge & Resort,Amanda Wilson,Owner,amandawilson@deerfootlodge.com,(715) 462-3328,America/Chicago,Hayward,Wisconsin,4.8,180,"Lakefront cabins on the Chippewa Flowage, full-service marina, world-class musky fishing and grill",best location on the lake with stunning water views from every cabin and hotel room... friendly staff,pending,pending,NO,,,,216664,
USA-VIP-0582,Berry Springs Lodge,Patrick Eisert,Owner,peisert@berrysprings.com,(865) 908-0921,America/Chicago,Sevierville,Tennessee,4.9,650,"Secluded Great Smoky Mountains retreat, gourmet 3-course breakfast, loop walking trails, mountain-view verandas",Our experience was more than expected. The room was clean and comfortable and the views are breathtaking,pending,pending,NO,,,,338538,
USA-VIP-0586,Sugar Tree Inn,Jeff Chanter,Owner & Innkeeper,jeffchanter@sugartreeinn.com,(540) 377-2197,America/New_York,Vesuvius,Virginia,4.8,125,"Rustic-luxury Blue Ridge Mountain inn at 2,800 feet elevation on 28 acres, wood-burning fireplaces, mountain-view dining",Sugar Tree Inn was an excellent choice for a nice weekend getaway... beautiful mountain ambiance,pending,pending,NO,,,,135415,
USA-VIP-0587,Timber Bay Lodge and Houseboats,Beth Rykken,Owner,bethr@timberbay.com,(218) 827-2141,America/Chicago,Babbitt,Minnesota,4.8,95,"Birch Lake shoreline resort near Boundary Waters, private beachfront, fully equipped rental houseboats and log cabins",Prime Beachfront Location... Always Amazing! Birch Lake near Ely Minnesota and the Boundary Waters,pending,pending,NO,,,,135415,
USA-VIP-0588,Kenai River Drifters Lodge,Bob Rima,Owner,info@drifterslodge.com,(907) 595-5555,America/Anchorage,Cooper Landing,Alaska,4.9,290,"Kenai River riverfront cabins, riverside wood-fired sauna, all-inclusive salmon and trout fly-fishing charters",lots of experience providing memorable trips to anglers... sunny day on the Kenai River with amazing guides,pending,pending,NO,,,,216664,
USA-VIP-0590,Vermilion Dam Lodge,Ed Tausk,Owner & Manager,ed@vdl.com,(218) 666-5418,America/Chicago,Cook,Minnesota,4.9,138,"Historic Lake Vermilion resort on 28 private acres, heated swimming pool, full-service marina and private sand beach","marina, heated pool, beach, lodge and more... perfect place to enjoy a memorable Minnesota getaway",pending,pending,NO,,,,135415,
USA-VIP-0591,Alpine Lakes High Camp,Justin Donohue,Owner & Operator,justin@alpinelakeshighcamp.com,(509) 763-3044,America/Los_Angeles,Leavenworth,Washington,4.8,65,"Backcountry cabin retreat at 5,000 feet in Cascade Mountains, wood-fired hot tub and sauna, private alpine meadow trails",unique backcountry cabin retreat near Stevens Pass... wood-fired hot tub and breathtaking high-alpine meadows,pending,pending,NO,,,,135415,
USA-VIP-0593,El Colorado Lodge,Susie Brock,Co-Owner,susie.brock@el-colorado-lodge.com,(719) 685-5485,America/Denver,Manitou Springs,Colorado,4,480,"Historic Southwestern adobe-style cabins, seasonal heated outdoor swimming pool, Pikes Peak mountain views",Charming Southwestern feel... but TripAdvisor rating sits at 3.4 with unaddressed feedback on older room updates,pending,pending,NO,,,,338538,
USA-VIP-0594,Kachemak Bay Wilderness Lodge,Michael McBride,Founder & Owner,michael@alaskawildernesslodge.com,(907) 235-8910,America/Anchorage,Homer,Alaska,4.9,65,"Pioneer luxury eco-lodge in China Poot Bay, naturalist-guided marine safaris, fresh Alaskan gourmet cuisine","Across Kachemak Bay from Homer, this luxurious lodge provides the most excellent wilderness adventure",pending,pending,NO,,,,135415,
USA-VIP-0595,Bettles Lodge,Lynda Klaes,Owner,lynda@bettleslodge.com,(907) 692-5111,America/Anchorage,Bettles,Alaska,4.6,330,"Historic Arctic Circle wilderness lodge, aurora borealis viewing tours, gateway flights to Gates of the Arctic National Park",terrific place to stay for national park collectors... but Yelp rating sits at 3.5 with unaddressed comments on remote logistics,pending,pending,NO,,,,338538,
USA-VIP-0605,George Brooks House B&B,Will Workman,Innkeeper & Owner,georgebrookshouse@atlanticbb.net,(410) 745-0599,America/New_York,St. Michaels,Maryland,4.6,120,"Historic 1800s Eastern Shore farmhouse on 2 rolling acres, heated swimming pool, hot tub, gourmet breakfast","Staying here made our weekend getaway... beautiful rolling grounds, but Yelp reflects 3.7 with unaddressed room remarks",pending,pending,NO,,,,135415,
USA-VIP-0648,Taylor House Inn,Tessa Russo,Owner & Innkeeper,info@taylorhouseinn.com,(828) 963-5581,America/New_York,Valle Crucis,North Carolina,4.8,397,"Historic 1911 farmhouse estate in Valle Crucis, wraparound rocking chair porch, gourmet farm breakfast",outstanding hospitality in historic Valle Crucis... relaxing porch and delicious homemade breakfast,pending,pending,NO,,,,338538,
USA-VIP-0665,Cedar Mountain Farm B&B,Daryl Kyle,Owner,info@cedarmountainfarm.com,(208) 683-0572,America/Denver,Athol,Idaho,5,282,"44-acre working farm B&B near Silverwood Theme Park, hearty farm-to-table breakfast, farm animal experiences",exceeded my expectations on both our visits. The family is warm and welcoming... most excellent and serene,pending,pending,NO,,,,216664,
USA-VIP-0669,Plaza Beach Hotel - Beachfront Resort,Plaza Beach Team,Owner & Managing Director,frontoffice@plazabeach.com,(727) 367-2791,America/New_York,St. Pete Beach,Florida,4.6,2868,"Independent boutique beachfront resort on St. Pete Beach, 39 suites with kitchenettes, heated gulf-front pool",private beach area and heated pool... great boutique alternative to big chain hotels on Gulf Boulevard,pending,pending,NO,,,,338538,
USA-VIP-0672,Newpark Resort,Caroline Cahall,Assistant General Manager,caroline@newparkresort.com,(435) 649-5575,America/Denver,Park City,Utah,4.5,1475,"Boutique hotel at Swaner Nature Preserve, private deck hot tubs, gas fireplaces, indoor/outdoor pool",private hot tubs on the balcony and relatively decent price... close to Utah Olympic Park,pending,pending,NO,,,,338538,
USA-VIP-0677,Kandahar Lodge,Jennifer Fisher,Owner & General Manager,jennifer@kandaharlodge.com,(406) 862-6098,America/Denver,Whitefish,Montana,4.3,462,"Alpine ski-in/ski-out lodge at Whitefish Mountain Resort village, massive sunken stone fireplace lobby, Cafe Kandahar dining",outside of the lodge is beautiful... but Yelp rating sits at 3.6 with mixed feedback on older room fixtures,pending,pending,NO,,,,338538,
USA-VIP-0700,The Lodge at Ventana Canyon,Dan Celentano,Director of Operations,dcelentano@thelodgeatventanacanyon.com,(520) 577-1400,America/Phoenix,Tucson,Arizona,4.4,1559,"All-suite desert resort in Santa Catalina foothills, two Tom Fazio 18-hole championship golf courses, Catalina Room dining",Customer service is great... but Yelp score sits at 3.2 with critical feedback on maintenance and front desk coordination,pending,pending,NO,,,,338538,
USA-VIP-0701,Pelican Grand Beach Resort,George Powell-Lopez,Director of Spa & Operations,georgepowell-lopez@pelicanbeach.com,(954) 568-9431,America/New_York,Fort Lauderdale,Florida,4.4,3200,"Direct Atlantic beachfront resort, Fort Lauderdale's only lazy river pool, OCEAN2000 oceanfront dining",Sitting directly on the Atlantic Ocean... but Yelp score reflects 3.4 with unaddressed feedback on valet and front desk queues,pending,pending,NO,,,,338538,
USA-VIP-0715,Pursell Farms,Tim Spanjer,Director of Marketing,tspanjer@pursellfarms.com,(256) 208-7600,America/Chicago,Sylacauga,Alabama,4.8,420,"3,200-acre luxury pastoral resort, FarmLinks championship golf course, Spring House Spa & sporting clays","extraordinary 3,200 acre enclave of mother nature... tire swing at Hole 7 and incredible pastoral hospitality",pending,pending,NO,,,,338538,
USA-VIP-0720,North Beach Village Resort,Thomas Abisso,Project Manager & Director of Operations,tabisso@northbeachvillageresort.com,(954) 565-5790,America/New_York,Fort Lauderdale,Florida,4.2,1000,"Collection of mid-century boutique hotels and villas near Fort Lauderdale Beach, multiple courtyard pools, Village Cafe",North Beach Village resort has several boutique hotels... but Yelp rating sits at 2.7 with unaddressed complaints on room condition,pending,pending,NO,,,,338538,
USA-VIP-0721,Tropical Beach Resorts,Kyna Smith,Director of Sales and Marketing,ksmith@tropicalbeachresorts.com,(941) 349-3330,America/New_York,Sarasota,Florida,4.7,5045,"Boutique Crescent Beach retreat on Siesta Key, private beach access, heated courtyard pools & beachside yoga",wonderful place with friendly staff and beautifully landscaped tropical grounds on Siesta Key,pending,pending,NO,,,,338538,
USA-VIP-0739,Milkweed Mercantile Eco Inn,Alline Anderson,Founder & Owner,alline@milkweedmercantile.com,(660) 883-5522,America/Chicago,Rutledge,Missouri,4.9,82,"Straw-bale eco-lodge architecture at Dancing Rabbit Ecovillage, green design workshops, wood-fired hearth pizza nights","peaceful ecovillage inn with wonderful hosts, inspiring green design, and delicious organic meals",pending,pending,NO,,,,135415,
USA-VIP-0747,Vermont Tree Cabin,Andrew Kozak,Owner & Manager,andrew@vermonttreecabin.com,(802) 473-6230,America/New_York,Waterford,Vermont,5,25,"Handcrafted treetop cabin on 40 private acres in Northeast Kingdom, outdoor cedar hot tub, private trout pond","Magical Treehouse & Cabin Retreat... Beautiful little cabin with awesome amenities, a great find",pending,pending,NO,,,,135415,
USA-VIP-0748,Dunning Ranch Guest Suites,Angela Dunning,Owner,angela@dunningranch.com,(805) 238-4709,America/Los_Angeles,Paso Robles,California,4.7,35,"40-acre Willow Creek wine trail vineyard estate, private vineyard cottages, estate wine tasting",exceptional stay in the heart of Paso Robles wine country... private vineyard views and peaceful setting,pending,pending,NO,,,,135415,
USA-VIP-0749,The Inn at Black Star Farms,Marylou Coe,Owner,mcoe@blackstarfarms.com,(231) 944-1251,America/New_York,Suttons Bay,Michigan,4.9,360,"160-acre Leelanau Peninsula winery estate, nightly wine reception, gourmet 3-course breakfast, equestrian trails","beautiful setting, good wine, and incredible hospitality... ranked #1 B&B in Traverse City area",pending,pending,NO,,,,338538,
USA-VIP-0759,Bluff View Inn,Michael Vasta,Director of Operations,mvasta@bluffview.com,(423) 265-5033,America/Chicago,Chattanooga,Tennessee,4.4,263,"Historic cliffside homes overlooking the Tennessee River, Bluff View Art District, on-site artisan bakery and pasta shop","Great spot with excellent service and view of the Tennessee River, but Yelp sits at 3.7 with room noise remarks",pending,pending,NO,,,,216664,
USA-VIP-0773,Wikiup Bed & Breakfast,Linda Ediin-Stanley,Owner & Innkeeper,lodging@wikiupbnb.com,(760) 765-1569,America/Los_Angeles,Julian,California,4.9,99,"Mountain town apple country retreat, hummingbird gardens, resident llamas, homemade country breakfast",incredible delight... owners Linda and Lee are two of the nicest people in the world and made us feel at home,pending,pending,NO,,,,135415,
USA-VIP-0777,Country Charm Log Cabins,Eric Gassiott,Owner & Manager,gassiott@hotmail.com,(501) 939-2234,America/Chicago,Lonsdale,Arkansas,4.8,95,"Secluded cedar log cabins on 40 wooded acres near Hot Springs, private covered porch hot tubs, catch-and-release fishing pond",romantic cabins near Hot Springs... peaceful setting with private hot tubs and sunrise views,pending,pending,NO,,,,135415,
USA-VIP-0779,Elk Trace Bed & Breakfast,Evelyn Jones,Owner & Innkeeper,evelynjones@centurytel.net,(970) 731-2766,America/Denver,Pagosa Springs,Colorado,4.7,125,"Scenic mountain bed & breakfast on 5 pine-covered acres, Continental Divide mountain views, homemade gourmet breakfasts",peaceful and beautiful B&B with yummy breakfast and friendly hosts... outstanding stay in Pagosa Springs,pending,pending,NO,,,,135415,
USA-VIP-0785,The Broadway Guest House,Melanie Schott,Owner,mel.schott@gmail.com,(740) 587-7012,America/New_York,Granville,Ohio,4.9,155,"Historic downtown Granville Broadway location, walk-to-Denison University, luxury suites with bespoke kitchenettes","spacious accommodations on Broadway... LOVE The Broadway Guest House, small batch lodging at its finest",pending,pending,NO,,,,216664,
USA-VIP-0786,Serenity at Home Guest House,Zenobia Marion,Owner,serenitygh57@gmail.com,(718) 774-6014,America/New_York,Brooklyn,New York,4.8,141,"Historic Victorian brownstone in Prospect Lefferts Gardens, private urban garden courtyard, walk to Prospect Park",spacious accommodations in Brooklyn with air-conditioned comfort and wonderful hospitality,pending,pending,NO,,,,135415,
USA-VIP-0789,Hotel Teatro,Hotel Teatro Team,General Manager & Ownership,teatro@hotelteatro.com,(303) 228-1100,America/Denver,Denver,Colorado,4.5,1971,"Denver Theatre District historic landmark, The Nickel restaurant & barrel bar, ultra dog-friendly amenities",one of the best downtown Denver luxury boutique hotels... beautifully themed and dog-friendly,pending,pending,NO,,,,338538,
USA-VIP-0790,Topping Rose House,Fiona Riesch,General Manager,friesch@toppingrosehouse.com,(631) 537-0870,America/New_York,Bridgehampton,New York,4.2,390,"Historic 1842 Greek Revival mansion, Jean-Georges farm-to-table dining, heated pool & Hamptons shuttle","beautiful estate and Jean-Georges dining, but Yelp reflects 3.2 with unaddressed service remarks",pending,pending,NO,,,,338538,
USA-VIP-0792,The Ivy Hotel,Robert Arthur,General Manager,reservation@theivybaltimore.com,(410) 514-6500,America/New_York,Baltimore,Maryland,4.9,514,"Relais & Chateaux historic mansion, Magdalena bistro, private spa & complimentary champagne/afternoon tea",always a pleasure and this visit was exceptional... unmatched boutique elegance in Mount Vernon,pending,pending,NO,,,,338538,
USA-VIP-0793,The Lenox Hotel,Roger Saunders,Co-Owner & Senior Director,rsaunders@lenoxhotel.com,(617) 536-5300,America/New_York,Boston,Massachusetts,4.7,3994,"Historic 1900 Back Bay landmark, working wood-burning guestroom fireplaces, City Table dining & Solas Irish Pub",in-depth exceptional Boston experience... working fireplaces and classic Back Bay charm,pending,pending,NO,,,,338538,
USA-VIP-0805,Shade Hotel,Jeffery Modaff,General Manager,jmodaff@shadehotel.com,(310) 546-4995,America/Los_Angeles,Manhattan Beach,California,4.5,685,"Manhattan Beach coastal luxury, Skydeck rooftop pool & bar, zinc@shade craft dining",Readers' Choice Award winner... stunning rooftop lounge and lively beach atmosphere,pending,pending,NO,,,,338538,
USA-VIP-0806,The Andrew Hotel,Cathy De Lucia,General Manager,cdelucia@andrewhotel.com,(516) 482-2900,America/New_York,Great Neck,New York,3.6,1042,"North Shore Long Island boutique hotel, adjacent to LIRR Great Neck station, complimentary continental breakfast","welcoming staff, but Yelp rating sits at 2.5 with severe unaddressed complaints on room upkeep",pending,pending,NO,,,,338538,
USA-VIP-0807,Dune Resorts,Sebastian Mattiauda,General Manager,smattiauda@duneresorts.com,(631) 267-3400,America/New_York,Amagansett,New York,4.1,650,"Prime oceanfront Hamptons locations, private dune boardwalks, tennis courts & heated oceanfront pools","premier management company in East Hampton and Montauk, but older property units draw critical reviews",pending,pending,NO,,,,338538,
USA-VIP-0809,Farmhouse Inn,Joe Bartolomei,Owner,joe@farmhouseinn.com,(707) 887-3300,America/Los_Angeles,Forestville,California,4.7,854,"Russian River Valley luxury boutique inn, Michelin-starred fine dining, farm-to-table wellness spa",excellent home base from which to explore Sonoma... but Yelp reflects 4.1 with unaddressed complaints on dining surcharges,pending,pending,NO,,,,338538,
USA-VIP-0810,SoHo Grand Hotel,Megan Lynch,Executive Assistant to the General Manager,mlynch@sohogrand.com,(212) 965-3000,America/New_York,New York,New York,4.3,3500,"SoHo fashion district landmark hotel, Grand Bar & Lounge, iconic vintage loft-style guestrooms",in the middle of SoHo's creative energy... but Yelp sits at 3.5 with mixed feedback on noise and service pace,pending,pending,NO,,,,338538,
USA-VIP-0824,The Maidstone Hotel,Jonathan Baker,Owner,ciao@themaidstone.com,(631) 324-5006,America/New_York,East Hampton,New York,3.6,197,"Historic 1840 East Hampton landmark, LDV Italian garden dining, private beach cruiser bikes & beach passes","historic East Hampton charm, but TripAdvisor rating sits at 3.6 with unaddressed guest remarks on service",pending,pending,NO,,,,216664,
USA-VIP-0826,SENZA Hotel,Alana Willson,Director of Sales and Marketing,alana@senzahotel.com,(707) 253-0337,America/Los_Angeles,Napa,California,4.5,1262,"HALL Wines estate setting, heated outdoor pool & cabanas, private vineyard terraces, Riposa Spa",luxurious modern retreat in Napa Valley... private patios with vineyard views and HALL wine tastings,pending,pending,NO,,,,338538,
USA-VIP-0830,The Chanler at Cliff Walk,Scott Sumner,Director of Rooms and Guest Services,ssumner@thechanler.com,(401) 847-1300,America/New_York,Newport,Rhode Island,4.6,750,"Gilded Age historic mansion on Newport Cliff Walk, Cara fine dining, private ocean-view manicured lawns",unmatched Cliff Walk luxury and historic elegance... but Yelp reflects 3.9 with unaddressed dining remarks,pending,pending,NO,,,,338538,
USA-VIP-0837,Hartness House Inn,Jules Lavoie,Managing Partner & Innkeeper,lavoie.jules@gmail.com,(802) 885-2115,America/New_York,Springfield,Vermont,4.2,420,"Historic 1904 Governor's mansion on 35 acres, underground telescope observatory & museum, tavern","A Stay To Remember... Delicious food and friendly staff, but older fixtures drew occasional feedback",pending,pending,NO,,,,338538,
USA-VIP-0850,The Inn on Lake Superior,Kim Chick,Director of Sales & Operations,kchick@theinnonlakesuperior.com,(218) 726-1111,America/Chicago,Duluth,Minnesota,4.3,1818,"Canal Park Lake Superior shoreline, rooftop heated hot tub, nightly complimentary lakeshore s'mores","beautifully appointed lakefront suites, but Yelp reflects 3.4 with unaddressed feedback on peak-season front desk queues",pending,pending,NO,,,,338538,
USA-VIP-0868,The Inn At Fox Hollow,Leslie Green,Director of Front Office Operations,lgreen@theinnatfoxhollow.com,(516) 224-8100,America/New_York,Woodbury,New York,4.4,2903,"All-suite Gold Coast boutique hotel, heated outdoor courtyard pool & cabanas, Volpe Ristorante","best suite hotel on Long Island with heated courtyard pool, but Yelp reflects 3.5 with unaddressed event noise comments",pending,pending,NO,,,,338538,
USA-VIP-0871,The Inn at Hastings Park,Agnes Hayes,Director Of Operations,ahayes@innathastingspark.com,(781) 301-6660,America/New_York,Lexington,Massachusetts,4.7,348,"Relais & Châteaux luxury boutique inn, Town Meeting Bistro, culinary education weekend retreats",memorable luxury experience in historic Lexington... exceptional service and culinary excellence,pending,pending,NO,,,,338538,
USA-VIP-0898,A Place in the Sun Garden Hotel,Norma Van Meeteren,Owner & Managing Director,palmspringsfrontdesk@gmail.com,(760) 325-0254,America/Los_Angeles,Palm Springs,California,4.6,537,"Historic 1951 Hollywood movie crew bungalow retreat, heated saltwater pool and spa, private citrus-garden patios","peaceful ambiance and clean rooms, but Yelp score sits at 2.9 with severe unaddressed remarks on check-in policies",pending,pending,NO,,,,338538,
USA-VIP-0899,Appleview River Resort,Bob Foster,Owner,bob@appleviewresort.com,(865) 286-5301,America/Chicago,Sevierville,Tennessee,4.7,1268,"Little Pigeon River waterfront balconies, saltwater outdoor pool, riverside picnic pavilion and fire pits",enjoyed staying at Appleview River Resort... love the quiet atmosphere along the Little Pigeon River,pending,pending,NO,,,,338538,
USA-VIP-0903,Camden Maine Stay Inn,Claudio Latanza,Owner & Innkeeper,innkeeper@camdenmainestay.com,(207) 236-9636,America/New_York,Camden,Maine,4.9,1324,"Historic 1802 coastal landmark, 1.5 acres of woodland gardens with walking trails, gourmet two-course country breakfast",Top Location with 9.9 ratings... memorable Camden stay with incredible garden grounds and warm hospitality,pending,pending,NO,,,,338538,
USA-VIP-0919,Partridge Cabins,Catherine Boutin,Owner,partridgecabins@partridgecabins.com,(800) 538-6380,America/New_York,Pittsburg,New Hampshire,4.9,49,"First Connecticut Lake shoreline cabins, private boat docks, direct access to Ride the Wilds ATV and snowmobile trails",remote paradise in a perfect surrounding... strongly recommend Partridge Cabins for hunting and fishing,pending,pending,NO,,,,135415,
USA-VIP-0927,The Suttle Lodge & Boathouse,Tj Paskewich,General Manager,tj@thesuttlelodge.com,(541) 638-7001,America/Los_Angeles,Sisters,Oregon,4.3,450,"Suttle Lake shoreline in Deschutes National Forest, historic Boathouse restaurant, lakeside cedar cabins & watercraft rentals","Michelin Guide hotel selection with excellent location, but TripAdvisor sits at 3.1 with unaddressed complaints on service",pending,pending,NO,,,,338538,
USA-VIP-0931,The Lodge at Bronze Buffalo Ranch,Jeff Naylor,General Manager,jnaylor@tetonspringslodge.com,(208) 787-7200,America/Denver,Victor,Idaho,4.4,700,"Teton Valley luxury mountain lodge, Bronze Buffalo golf course, Stillwaters Spa & equestrian center","gorgeous, classy lodge with exceptional cleanliness, but occasional 2-star reviews on service coordination sit unanswered",pending,pending,NO,,,,338538,
USA-VIP-0933,Hidden Mountain Resort,Misty Hedrick,Associate General Manager,info@hiddenmountain.com,(865) 453-9850,America/Chicago,Sevierville,Tennessee,4,612,"Gated mountain resort community, private cabin hot tubs, sparkling outdoor pools & fishing ponds","Beautiful resort with friendly staff, but TripAdvisor reflects 4.0 with occasional critical reviews on cabin maintenance",pending,pending,NO,,,,338538,
USA-VIP-0934,Ruttger's Bay Lake Resort,Chad Gross,General Manager,chad.gross@ruttgers.com,(218) 678-2885,America/Chicago,Deerwood,Minnesota,4.2,229,"Historic 125-year Bay Lake heritage, championship golf, full-service marina, sandy lake beaches","classic Minnesota lake resort experience, but older reviews on Yelp and TripAdvisor cite maintenance pacing",pending,pending,NO,,,,216664,
USA-VIP-0936,Triple Creek Ranch,Molly Smith,General Manager,molly@triplecreekranch.com,(406) 821-4600,America/Denver,Darby,Montana,4.9,440,"Relais & Châteaux adult-only ranch, Trapper Peak mountain views, private log cabins with hot tubs, world-class equestrian & fly-fishing",A Montana Hideaway... excellent time and adventure with unmatched luxury ranch hospitality,pending,pending,NO,,,,338538,
USA-VIP-0937,The Ridges Resort on Lake Chatuge,Christopher Kehn,General Manager,christopher.kehn@theridgesresort.com,(706) 896-2262,America/New_York,Hiawassee,Georgia,4.2,550,"Lake Chatuge shoreline & full-service marina, Blue Otter Restaurant, mountain-view outdoor pool","Georgia's lakeside escape on Lake Chatuge, but Yelp score sits at 2.4 with unaddressed customer service complaints",pending,pending,NO,,,,338538,
USA-VIP-0938,Oregon Garden Resort,Peggy Bell,General Manager,concierge@oregongardenresort.com,(503) 874-2300,America/Los_Angeles,Silverton,Oregon,4.4,3314,"80-acre Oregon Garden botanical setting, Moonstone Spa, private garden patio fireplaces","friendly staff and beautiful botanical gardens, but Yelp score sits at 3.2 with unaddressed maintenance feedback",pending,pending,NO,,,,338538,
USA-VIP-0939,Mountain Springs Lodge,Rich Cram,General Manager,rich@mtsprings.com,(509) 763-2713,America/Los_Angeles,Leavenworth,Washington,4.7,125,"Cascade mountain foothills setting, Beaver Creek log lodges, winter horse-drawn sleigh rides & zip lines",unforgettable experience in a pristine natural setting... outstanding mountain hospitality,pending,pending,NO,,,,135415,
USA-VIP-0940,Westridge Shores Resort,Erin Frederiksen,Owner,erin@westridgeshores.com,(320) 763-7193,America/Chicago,Alexandria,Minnesota,4.6,20,"Lake Mary sandy shoreline, lakeside cabins with private decks, boat slips and fishing docks","fell in love with Westridge Shores... owners are extremely kind, welcoming, and accommodating",pending,pending,NO,,,,135415,
USA-VIP-0941,White Birch Resort,Monte Sharbono,Owner,monte@whitebirchresort.net,(218) 835-6342,America/Chicago,Blackduck,Minnesota,3.8,19,"Blackduck Lake luxury lakefront homes, sandy swimming beach, aqua park trampolines and pontoon rentals","amazing place for a family vacation, but mixed reviews on Yelp cite older deposit policies",pending,pending,NO,,,,135415,
USA-VIP-0944,Lakewoods Resort,Kathy Rasmussen,Owner,kathy@lakewoodsresort.com,(715) 794-2561,America/Chicago,Cable,Wisconsin,4.1,191,"Lake Namakagon shoreline, 18-hole Forest Ridges golf course, snowmobile trail capital hub","piping hot food and great lake location, but Yelp rating sits at 3.1 with unaddressed room update comments",pending,pending,NO,,,,216664,
USA-VIP-0946,Salish Lodge & Spa,Connie Krause,Director of Sales,connie.krause@salishlodge.com,(425) 888-2556,America/Los_Angeles,Snoqualmie,Washington,4.4,4110,"Cliffside perch atop 268-foot Snoqualmie Falls, wood-burning fireplaces, four-course honey breakfast & The Spa",crackling fire in our room atop the rushing falls is pure bliss... incredible iconic location,pending,pending,NO,,,,338538,
USA-VIP-0950,Cheeca Lodge & Spa,Michael Hogan,Director of Restaurants & Hospitality,mhogan@cheeca.com,(305) 664-4651,America/New_York,Islamorada,Florida,4.2,7654,"27-acre Florida Keys oceanfront estate, historic 525-foot fishing pier, oceanfront tiki bar & adult tranquility pool","loved the tiki bar and sushi, but Yelp score reflects 3.4 with critical comments on resort fees and service pace",pending,pending,NO,,,,338538,
USA-VIP-0958,The Lodge at Whitefish Lake,Dawn Jackson,Director of Sales,dawnj@lodgeatwhitefishlake.com,(406) 863-4000,America/Denver,Whitefish,Montana,4.5,1661,"Whitefish Lake private marina and beach, Boat Club fine dining, full-service lakefront spa",feels like a lodge with lots of luxury... premier lakefront choice heading into Glacier National Park,pending,pending,NO,,,,338538,
USA-VIP-0961,Topnotch Resort,Devin Gleason,Director of Sales and Marketing,dgleason@topnotchresort.com,(802) 253-8585,America/New_York,Stowe,Vermont,4.3,1355,"Mount Mansfield mountain views on 120 acres, world-renowned Topnotch Tennis Academy, 35,000 sq ft luxury spa","indoor and outdoor pools were great, but Yelp sits at 3.7 with unaddressed remarks on dining service",pending,pending,NO,,,,338538,
USA-VIP-0964,Kennebunkport Resort Collection,Justin Grimes,Director Of Operations,justin@kennebunkportresortcollection.com,(800) 573-7186,America/New_York,Kennebunk,Maine,4.6,1200,"Curated collection of luxury Kennebunkport boutique hotels, Earth at Hidden Pond dining, private beach club access","top-rated luxury hospitality across coastal Maine, but individual property reviews require active executive oversight",pending,pending,NO,,,,338538,
USA-VIP-0985,Parker Guest House,Michelle Pafford,General Manager,cafeclaude@claudelane.com,(415) 621-3224,America/Los_Angeles,San Francisco,California,4.8,506,"Historic 1900 Victorian mansions, private sunken garden courtyard, evening complimentary wine social",one of San Francisco's most highly reviewed hotels... absolutely gorgeous garden stay,pending,pending,NO,,,,338538,
USA-VIP-1017,The Sagamore Hotel South Beach,Jonathan Eisenband,Owner / Executive,jonathan@sagamorehotel.com,(305) 535-8088,America/New_York,Miami Beach,Florida,4.3,4073,"Historic Art Deco oceanfront hotel featuring curated contemporary art exhibitions, oceanfront pool, and direct beach boardwalk access",ranked #10 of 218 hotels in Miami Beach... great art collection and oceanfront location,pending,pending,NO,,,,338538,
USA-VIP-1030,C.W. Worth House Bed and Breakfast,Margi Erickson,Owner / Innkeeper,relax@worthhouse.com,(910) 762-2207,America/New_York,Wilmington,North Carolina,4.9,491,"Historic Queen Anne Victorian bed & breakfast featuring gourmet two-course breakfasts, afternoon wine socials, and private garden veranda",Doug and Margi work together to make sure coffee is ready with fresh fruit to start the day,pending,pending,NO,,,,338538,
USA-VIP-1033,Rosemary House Bed & Breakfast,Karen Pullen,Owner / Innkeeper,stayinthepines@gmail.com,(919) 542-5515,America/New_York,Pittsboro,North Carolina,4.3,10,"Intimate Pittsboro village inn featuring parlor fireplaces, rocking-chair wraparound porch, and scratch-made farm-to-table breakfast",The owners met us at the entry and had an amazing stay... mini-getaway for Valentine's,pending,pending,NO,,,,135415,
USA-VIP-1107,Forsyth Park Inn,Lori Innkeeper,Innkeeper / General Manager,innkeeper@forsythparkinn.com,(912) 233-6800,America/New_York,Savannah,Georgia,4.6,1002,"1893 Queen Anne Victorian mansion overlooking historic Forsyth Park featuring 14-foot ceilings, parlor fireplaces, and evening courtyard wine socials",Rooms are clean and the woodwork throughout the venue is magnificent. Highly recommend.,pending,pending,NO,,,,338538,
USA-VIP-1122,Mulberry Gap Adventure Basecamp,Diane Kepley,Co-Founder / Innkeeper,reservations@mulberrygap.com,(706) 698-2865,America/New_York,Ellijay,Georgia,4.9,978,"Rustic mountain basecamp featuring hand-built cedar cabins, trailside hot tubs, outdoor communal fire pits, and family-style home-cooked meals","I had a great time staying at Mulberry Gap before, during, and after the TNGA... 98% recommend",pending,pending,NO,,,,338538,
USA-VIP-1123,The Willcox,Shannon Ellis,Owner / Managing Partner,info@thewillcox.com,(803) 648-1898,America/New_York,Aiken,South Carolina,4.6,413,"Historic grand Southern sporting hotel featuring equestrian-estate charm, full-service spa, poolside fireside dining, and classic parlor cocktail lounge",5-star service that will make you feel calm and confident for your day ahead... exceptional fresh food and robust wine list,pending,pending,NO,,,,338538,
USA-VIP-1129,Foxhall Resort,Harrison Merrill,Founder / Owner,info@foxhallresort.com,(770) 489-4386,America/New_York,Douglasville,Georgia,4.2,131,"1,100-acre sporting club and retreat on the Chattahoochee River featuring championship sporting clays, trophy bass fishing, equestrian trails, and lakeside villas","Located in Douglasville, Foxhall Resort is in a rural area and on a lake... great grounds but mixed check-in service",pending,pending,NO,,,,135415,
USA-VIP-0050,The Aerie Bed and Breakfast,Michael Gunhus,Owner / Innkeeper,info@aeriebedandbreakfast.com,(252) 636-5553,America/New_York,New Bern,North Carolina,4.9,457,"1882 Victorian bed & breakfast in downtown New Bern featuring private guest suites, Victorian parlor, guest herb gardens, and hot gourmet Southern breakfast",Fabulous Bed and Breakfast. Beth and John were very welcoming... A 5 star rating I will most certainly go back,pending,pending,NO,,,,338538,
USA-VIP-0051,Nobnocket Boutique Inn,Jilana Abrams,Owner / Innkeeper,lux@nobnocket.com,(508) 696-0859,America/New_York,Vineyard Haven,Massachusetts,5,240,"Contemporary boutique Martha's Vineyard estate set on 2 private wooded acres featuring Scandinavian-inspired luxury design, fireplaces, and gourmet veranda breakfast",Condé Nast Readers' Choice Awards... ranked #1 of 45 B&Bs / inns in Vineyard Haven and rated 5 of 5,pending,pending,NO,,,,216664,
USA-VIP-0236,Inn at Occidental,Jerry Wolsborn,Innkeeper / General Manager,jwolsborn@innatoccidental.com,(707) 874-1460,America/Los_Angeles,Occidental,California,4.7,430,"Sonoma Wine Country boutique inn nestled in the redwoods featuring courtyard fountain gardens, antique folk art collections, evening wine & cheese receptions, and gourmet breakfast",So much to enjoy at the Inn... Hiked a local fern and redwood grove... front garden and courtyard were so inviting,pending,pending,NO,,,,338538,
USA-VIP-0307,Ann Arbor Bed and Breakfast,Pat Materka,Owner / Innkeeper,pmaterka@umich.edu,(734) 994-9117,America/New_York,Ann Arbor,Michigan,4.8,406,"Contemporary hilltop bed & breakfast overlooking the University of Michigan campus featuring private covered balconies, artisan furnishings, and custom chef-cooked breakfasts",I stayed here for over two weeks recently while working at U-Mich and found my ideal go-to accommodation. A gem of a house,pending,pending,NO,,,,338538,